Ã,Aacute
Ã¡,aacute
Ä‚,Abreve
Äƒ,abreve
âˆ¾,ac
âˆ¿,acd
âˆ¾Ì³,acE
Ã‚,Acirc
Ã¢,acirc
Â´,acute
Ğ,Acy
Ğ°,acy
Ã†,AElig
Ã¦,aelig
â¡,af
ğ”„,Afr
ğ”,afr
Ã€,Agrave
Ã ,agrave
â„µ,alefsym
â„µ,aleph
Î‘,Alpha
Î±,alpha
Ä€,Amacr
Ä,amacr
â¨¿,amalg
&,AMP
&,amp
â©“,And
âˆ§,and
â©•,andand
â©œ,andd
â©˜,andslope
â©š,andv
âˆ ,ang
â¦¤,ange
âˆ ,angle
âˆ¡,angmsd
â¦¨,angmsdaa
â¦©,angmsdab
â¦ª,angmsdac
â¦«,angmsdad
â¦¬,angmsdae
â¦­,angmsdaf
â¦®,angmsdag
â¦¯,angmsdah
âˆŸ,angrt
âŠ¾,angrtvb
â¦,angrtvbd
âˆ¢,angsph
Ã…,angst
â¼,angzarr
Ä„,Aogon
Ä…,aogon
ğ”¸,Aopf
ğ•’,aopf
â‰ˆ,ap
â©¯,apacir
â©°,apE
â‰Š,ape
â‰‹,apid
',apos
â¡,ApplyFunction
â‰ˆ,approx
â‰Š,approxeq
Ã…,Aring
Ã¥,aring
ğ’œ,Ascr
ğ’¶,ascr
â‰”,Assign
*,ast
â‰ˆ,asymp
â‰,asympeq
Ãƒ,Atilde
Ã£,atilde
Ã„,Auml
Ã¤,auml
âˆ³,awconint
â¨‘,awint
â‰Œ,backcong
Ï¶,backepsilon
â€µ,backprime
âˆ½,backsim
â‹,backsimeq
âˆ–,Backslash
â«§,Barv
âŠ½,barvee
âŒ†,Barwed
âŒ…,barwed
âŒ…,barwedge
âµ,bbrk
â¶,bbrktbrk
â‰Œ,bcong
Ğ‘,Bcy
Ğ±,bcy
â€,bdquo
âˆµ,becaus
âˆµ,Because
âˆµ,because
â¦°,bemptyv
Ï¶,bepsi
â„¬,bernou
â„¬,Bernoullis
Î’,Beta
Î²,beta
â„¶,beth
â‰¬,between
ğ”…,Bfr
ğ”Ÿ,bfr
â‹‚,bigcap
â—¯,bigcirc
â‹ƒ,bigcup
â¨€,bigodot
â¨,bigoplus
â¨‚,bigotimes
â¨†,bigsqcup
â˜…,bigstar
â–½,bigtriangledown
â–³,bigtriangleup
â¨„,biguplus
â‹,bigvee
â‹€,bigwedge
â¤,bkarow
â§«,blacklozenge
â–ª,blacksquare
â–´,blacktriangle
â–¾,blacktriangledown
â—‚,blacktriangleleft
â–¸,blacktriangleright
â£,blank
â–’,blk12
â–‘,blk14
â–“,blk34
â–ˆ,block
#NAME?,bne
â‰¡âƒ¥,bnequiv
â«­,bNot
âŒ,bnot
ğ”¹,Bopf
ğ•“,bopf
âŠ¥,bot
âŠ¥,bottom
â‹ˆ,bowtie
â§‰,boxbox
â•—,boxDL
â•–,boxDl
â••,boxdL
â”,boxdl
â•”,boxDR
â•“,boxDr
â•’,boxdR
â”Œ,boxdr
â•,boxH
â”€,boxh
â•¦,boxHD
â•¤,boxHd
â•¥,boxhD
â”¬,boxhd
â•©,boxHU
â•§,boxHu
â•¨,boxhU
â”´,boxhu
âŠŸ,boxminus
âŠ,boxplus
âŠ ,boxtimes
â•,boxUL
â•œ,boxUl
â•›,boxuL
â”˜,boxul
â•š,boxUR
â•™,boxUr
â•˜,boxuR
â””,boxur
â•‘,boxV
â”‚,boxv
â•¬,boxVH
â•«,boxVh
â•ª,boxvH
â”¼,boxvh
â•£,boxVL
â•¢,boxVl
â•¡,boxvL
â”¤,boxvl
â• ,boxVR
â•Ÿ,boxVr
â•,boxvR
â”œ,boxvr
â€µ,bprime
Ë˜,Breve
Ë˜,breve
Â¦,brvbar
â„¬,Bscr
ğ’·,bscr
â,bsemi
âˆ½,bsim
â‹,bsime
\,bsol
â§…,bsolb
âŸˆ,bsolhsub
â€¢,bull
â€¢,bullet
â‰,bump
âª®,bumpE
â‰,bumpe
â‰,Bumpeq
â‰,bumpeq
Ä†,Cacute
Ä‡,cacute
â‹’,Cap
âˆ©,cap
â©„,capand
â©‰,capbrcup
â©‹,capcap
â©‡,capcup
â©€,capdot
â……,CapitalDifferentialD
âˆ©ï¸€,caps
â,caret
Ë‡,caron
â„­,Cayleys
â©,ccaps
ÄŒ,Ccaron
Ä,ccaron
Ã‡,Ccedil
Ã§,ccedil
Äˆ,Ccirc
Ä‰,ccirc
âˆ°,Cconint
â©Œ,ccups
â©,ccupssm
ÄŠ,Cdot
Ä‹,cdot
Â¸,cedil
Â¸,Cedilla
â¦²,cemptyv
Â¢,cent
Â·,CenterDot
Â·,centerdot
â„­,Cfr
ğ” ,cfr
Ğ§,CHcy
Ñ‡,chcy
âœ“,check
âœ“,checkmark
Î§,Chi
Ï‡,chi
â—‹,cir
Ë†,circ
â‰—,circeq
â†º,circlearrowleft
â†»,circlearrowright
âŠ›,circledast
âŠš,circledcirc
âŠ,circleddash
âŠ™,CircleDot
Â®,circledR
â“ˆ,circledS
âŠ–,CircleMinus
âŠ•,CirclePlus
âŠ—,CircleTimes
â§ƒ,cirE
â‰—,cire
â¨,cirfnint
â«¯,cirmid
â§‚,cirscir
âˆ²,ClockwiseContourIntegral
â€,CloseCurlyDoubleQuote
â€™,CloseCurlyQuote
â™£,clubs
â™£,clubsuit
âˆ·,Colon
:,colon
â©´,Colone
â‰”,colone
â‰”,coloneq
,comma
@,commat
âˆ,comp
âˆ˜,compfn
âˆ,complement
â„‚,complexes
â‰…,cong
â©­,congdot
â‰¡,Congruent
âˆ¯,Conint
âˆ®,conint
âˆ®,ContourIntegral
â„‚,Copf
ğ•”,copf
âˆ,coprod
âˆ,Coproduct
Â©,COPY
Â©,copy
â„—,copysr
âˆ³,CounterClockwiseContourIntegral
â†µ,crarr
â¨¯,Cross
âœ—,cross
ğ’,Cscr
ğ’¸,cscr
â«,csub
â«‘,csube
â«,csup
â«’,csupe
â‹¯,ctdot
â¤¸,cudarrl
â¤µ,cudarrr
â‹,cuepr
â‹Ÿ,cuesc
â†¶,cularr
â¤½,cularrp
â‹“,Cup
âˆª,cup
â©ˆ,cupbrcap
â‰,CupCap
â©†,cupcap
â©Š,cupcup
âŠ,cupdot
â©…,cupor
âˆªï¸€,cups
â†·,curarr
â¤¼,curarrm
â‹,curlyeqprec
â‹Ÿ,curlyeqsucc
â‹,curlyvee
â‹,curlywedge
Â¤,curren
â†¶,curvearrowleft
â†·,curvearrowright
â‹,cuvee
â‹,cuwed
âˆ²,cwconint
âˆ±,cwint
âŒ­,cylcty
â€¡,Dagger
â€ ,dagger
â„¸,daleth
â†¡,Darr
â‡“,dArr
â†“,darr
â€,dash
â«¤,Dashv
âŠ£,dashv
â¤,dbkarow
Ë,dblac
Ä,Dcaron
Ä,dcaron
Ğ”,Dcy
Ğ´,dcy
â……,DD
â…†,dd
â€¡,ddagger
â‡Š,ddarr
â¤‘,DDotrahd
â©·,ddotseq
Â°,deg
âˆ‡,Del
Î”,Delta
Î´,delta
â¦±,demptyv
â¥¿,dfisht
ğ”‡,Dfr
ğ”¡,dfr
â¥¥,dHar
â‡ƒ,dharl
â‡‚,dharr
Â´,DiacriticalAcute
Ë™,DiacriticalDot
Ë,DiacriticalDoubleAcute
`,DiacriticalGrave
Ëœ,DiacriticalTilde
â‹„,diam
â‹„,Diamond
â‹„,diamond
â™¦,diamondsuit
â™¦,diams
Â¨,die
â…†,DifferentialD
Ï,digamma
â‹²,disin
Ã·,div
Ã·,divide
â‹‡,divideontimes
â‹‡,divonx
Ğ‚,DJcy
Ñ’,djcy
âŒ,dlcorn
âŒ,dlcrop
$,dollar
ğ”»,Dopf
ğ••,dopf
Â¨,Dot
Ë™,dot
â—Œâƒœ,DotDot
â‰,doteq
â‰‘,doteqdot
â‰,DotEqual
âˆ¸,dotminus
âˆ”,dotplus
âŠ¡,dotsquare
âŒ†,doublebarwedge
âˆ¯,DoubleContourIntegral
Â¨,DoubleDot
â‡“,DoubleDownArrow
â‡,DoubleLeftArrow
â‡”,DoubleLeftRightArrow
â«¤,DoubleLeftTee
âŸ¸,DoubleLongLeftArrow
âŸº,DoubleLongLeftRightArrow
âŸ¹,DoubleLongRightArrow
â‡’,DoubleRightArrow
âŠ¨,DoubleRightTee
â‡‘,DoubleUpArrow
â‡•,DoubleUpDownArrow
âˆ¥,DoubleVerticalBar
â†“,DownArrow
â‡“,Downarrow
â†“,downarrow
â¤“,DownArrowBar
â‡µ,DownArrowUpArrow
â—ŒÌ‘,DownBreve
â‡Š,downdownarrows
â‡ƒ,downharpoonleft
â‡‚,downharpoonright
â¥,DownLeftRightVector
â¥,DownLeftTeeVector
â†½,DownLeftVector
â¥–,DownLeftVectorBar
â¥Ÿ,DownRightTeeVector
â‡,DownRightVector
â¥—,DownRightVectorBar
âŠ¤,DownTee
â†§,DownTeeArrow
â¤,drbkarow
âŒŸ,drcorn
âŒŒ,drcrop
ğ’Ÿ,Dscr
ğ’¹,dscr
Ğ…,DScy
Ñ•,dscy
â§¶,dsol
Ä,Dstrok
Ä‘,dstrok
â‹±,dtdot
â–¿,dtri
â–¾,dtrif
â‡µ,duarr
â¥¯,duhar
â¦¦,dwangle
Ğ,DZcy
ÑŸ,dzcy
âŸ¿,dzigrarr
Ã‰,Eacute
Ã©,eacute
â©®,easter
Äš,Ecaron
Ä›,ecaron
â‰–,ecir
ÃŠ,Ecirc
Ãª,ecirc
â‰•,ecolon
Ğ­,Ecy
Ñ,ecy
â©·,eDDot
Ä–,Edot
â‰‘,eDot
Ä—,edot
â…‡,ee
â‰’,efDot
ğ”ˆ,Efr
ğ”¢,efr
âªš,eg
Ãˆ,Egrave
Ã¨,egrave
âª–,egs
âª˜,egsdot
âª™,el
âˆˆ,Element
â§,elinters
â„“,ell
âª•,els
âª—,elsdot
Ä’,Emacr
Ä“,emacr
âˆ…,empty
âˆ…,emptyset
â—»,EmptySmallSquare
âˆ…,emptyv
â–«,EmptyVerySmallSquare
â€ƒ,emsp
â€„,emsp13
â€…,emsp14
ÅŠ,ENG
Å‹,eng
â€‚,ensp
Ä˜,Eogon
Ä™,eogon
ğ”¼,Eopf
ğ•–,eopf
â‹•,epar
â§£,eparsl
â©±,eplus
Îµ,epsi
Î•,Epsilon
Îµ,epsilon
Ïµ,epsiv
â‰–,eqcirc
â‰•,eqcolon
â‰‚,eqsim
âª–,eqslantgtr
âª•,eqslantless
â©µ,Equal
=,equals
â‰‚,EqualTilde
â‰Ÿ,equest
â‡Œ,Equilibrium
â‰¡,equiv
â©¸,equivDD
â§¥,eqvparsl
â¥±,erarr
â‰“,erDot
â„°,Escr
â„¯,escr
â‰,esdot
â©³,Esim
â‰‚,esim
Î—,Eta
Î·,eta
Ã,ETH
Ã°,eth
Ã‹,Euml
Ã«,euml
â‚¬,euro
!,excl
âˆƒ,exist
âˆƒ,Exists
â„°,expectation
â…‡,ExponentialE
â…‡,exponentiale
â‰’,fallingdotseq
Ğ¤,Fcy
Ñ„,fcy
â™€,female
ï¬ƒ,ffilig
ï¬€,fflig
ï¬„,ffllig
ğ”‰,Ffr
ğ”£,ffr
ï¬,filig
â—¼,FilledSmallSquare
â–ª,FilledVerySmallSquare
fj,fjlig
â™­,flat
ï¬‚,fllig
â–±,fltns
Æ’,fnof
ğ”½,Fopf
ğ•—,fopf
âˆ€,ForAll
âˆ€,forall
â‹”,fork
â«™,forkv
â„±,Fouriertrf
â¨,fpartint
Â½,frac12
â…“,frac13
Â¼,frac14
â…•,frac15
â…™,frac16
â…›,frac18
â…”,frac23
â…–,frac25
Â¾,frac34
â…—,frac35
â…œ,frac38
â…˜,frac45
â…š,frac56
â…,frac58
â…,frac78
â„,frasl
âŒ¢,frown
â„±,Fscr
ğ’»,fscr
Çµ,gacute
Î“,Gamma
Î³,gamma
Ïœ,Gammad
Ï,gammad
âª†,gap
Ä,Gbreve
ÄŸ,gbreve
Ä¢,Gcedil
Äœ,Gcirc
Ä,gcirc
Ğ“,Gcy
Ğ³,gcy
Ä ,Gdot
Ä¡,gdot
â‰§,gE
â‰¥,ge
âªŒ,gEl
â‹›,gel
â‰¥,geq
â‰§,geqq
â©¾,geqslant
â©¾,ges
âª©,gescc
âª€,gesdot
âª‚,gesdoto
âª„,gesdotol
â‹›ï¸€,gesl
âª”,gesles
ğ”Š,Gfr
ğ”¤,gfr
â‹™,Gg
â‰«,gg
â‹™,ggg
â„·,gimel
Ğƒ,GJcy
Ñ“,gjcy
â‰·,gl
âª¥,gla
âª’,glE
âª¤,glj
âªŠ,gnap
âªŠ,gnapprox
â‰©,gnE
âªˆ,gne
âªˆ,gneq
â‰©,gneqq
â‹§,gnsim
ğ”¾,Gopf
ğ•˜,gopf
`,grave
â‰¥,GreaterEqual
â‹›,GreaterEqualLess
â‰§,GreaterFullEqual
âª¢,GreaterGreater
â‰·,GreaterLess
â©¾,GreaterSlantEqual
â‰³,GreaterTilde
ğ’¢,Gscr
â„Š,gscr
â‰³,gsim
âª,gsime
âª,gsiml
>,GT
â‰«,Gt
>,gt
âª§,gtcc
â©º,gtcir
â‹—,gtdot
â¦•,gtlPar
â©¼,gtquest
âª†,gtrapprox
â¥¸,gtrarr
â‹—,gtrdot
â‹›,gtreqless
âªŒ,gtreqqless
â‰·,gtrless
â‰³,gtrsim
â‰©ï¸€,gvertneqq
â‰©ï¸€,gvnE
Ë‡,Hacek
â€Š,hairsp
Â½,half
â„‹,hamilt
Ğª,HARDcy
ÑŠ,hardcy
â‡”,hArr
â†”,harr
â¥ˆ,harrcir
â†­,harrw
^,Hat
â„,hbar
Ä¤,Hcirc
Ä¥,hcirc
â™¥,hearts
â™¥,heartsuit
â€¦,hellip
âŠ¹,hercon
â„Œ,Hfr
ğ”¥,hfr
â„‹,HilbertSpace
â¤¥,hksearow
â¤¦,hkswarow
â‡¿,hoarr
âˆ»,homtht
â†©,hookleftarrow
â†ª,hookrightarrow
â„,Hopf
ğ•™,hopf
â€•,horbar
â”€,HorizontalLine
â„‹,Hscr
ğ’½,hscr
â„,hslash
Ä¦,Hstrok
Ä§,hstrok
â‰,HumpDownHump
â‰,HumpEqual
âƒ,hybull
â€,hyphen
Ã,Iacute
Ã­,iacute
â£,ic
Ã,Icirc
Ã®,icirc
Ğ˜,Icy
Ğ¸,icy
Ä°,Idot
Ğ•,IEcy
Ğµ,iecy
Â¡,iexcl
â‡”,iff
â„‘,Ifr
ğ”¦,ifr
ÃŒ,Igrave
Ã¬,igrave
â…ˆ,ii
â¨Œ,iiiint
âˆ­,iiint
â§œ,iinfin
â„©,iiota
Ä²,IJlig
Ä³,ijlig
â„‘,Im
Äª,Imacr
Ä«,imacr
â„‘,image
â…ˆ,ImaginaryI
â„,imagline
â„‘,imagpart
Ä±,imath
âŠ·,imof
Æµ,imped
â‡’,Implies
âˆˆ,in
â„…,incare
âˆ,infin
â§,infintie
Ä±,inodot
âˆ¬,Int
âˆ«,int
âŠº,intcal
â„¤,integers
âˆ«,Integral
âŠº,intercal
â‹‚,Intersection
â¨—,intlarhk
â¨¼,intprod
â£,InvisibleComma
â¢,InvisibleTimes
Ğ,IOcy
Ñ‘,iocy
Ä®,Iogon
Ä¯,iogon
ğ•€,Iopf
ğ•š,iopf
Î™,Iota
Î¹,iota
â¨¼,iprod
Â¿,iquest
â„,Iscr
ğ’¾,iscr
âˆˆ,isin
â‹µ,isindot
â‹¹,isinE
â‹´,isins
â‹³,isinsv
âˆˆ,isinv
â¢,it
Ä¨,Itilde
Ä©,itilde
Ğ†,Iukcy
Ñ–,iukcy
Ã,Iuml
Ã¯,iuml
Ä´,Jcirc
Äµ,jcirc
Ğ™,Jcy
Ğ¹,jcy
ğ”,Jfr
ğ”§,jfr
È·,jmath
ğ•,Jopf
ğ•›,jopf
ğ’¥,Jscr
ğ’¿,jscr
Ğˆ,Jsercy
Ñ˜,jsercy
Ğ„,Jukcy
Ñ”,jukcy
Îš,Kappa
Îº,kappa
Ï°,kappav
Ä¶,Kcedil
Ä·,kcedil
Ğš,Kcy
Ğº,kcy
ğ”,Kfr
ğ”¨,kfr
Ä¸,kgreen
Ğ¥,KHcy
Ñ…,khcy
ĞŒ,KJcy
Ñœ,kjcy
ğ•‚,Kopf
ğ•œ,kopf
ğ’¦,Kscr
ğ“€,kscr
â‡š,lAarr
Ä¹,Lacute
Äº,lacute
â¦´,laemptyv
â„’,lagran
Î›,Lambda
Î»,lambda
âŸª,Lang
âŸ¨,lang
â¦‘,langd
âŸ¨,langle
âª…,lap
â„’,Laplacetrf
Â«,laquo
â†,Larr
â‡,lArr
â†,larr
â‡¤,larrb
â¤Ÿ,larrbfs
â¤,larrfs
â†©,larrhk
â†«,larrlp
â¤¹,larrpl
â¥³,larrsim
â†¢,larrtl
âª«,lat
â¤›,lAtail
â¤™,latail
âª­,late
âª­ï¸€,lates
â¤,lBarr
â¤Œ,lbarr
â²,lbbrk
{,lbrace
[,lbrack
â¦‹,lbrke
â¦,lbrksld
â¦,lbrkslu
Ä½,Lcaron
Ä¾,lcaron
Ä»,Lcedil
Ä¼,lcedil
âŒˆ,lceil
{,lcub
Ğ›,Lcy
Ğ»,lcy
â¤¶,ldca
â€œ,ldquo
â€,ldquor
â¥§,ldrdhar
â¥‹,ldrushar
â†²,ldsh
â‰¦,lE
â‰¤,le
âŸ¨,LeftAngleBracket
â†,LeftArrow
â‡,Leftarrow
â†,leftarrow
â‡¤,LeftArrowBar
â‡†,LeftArrowRightArrow
â†¢,leftarrowtail
âŒˆ,LeftCeiling
âŸ¦,LeftDoubleBracket
â¥¡,LeftDownTeeVector
â‡ƒ,LeftDownVector
â¥™,LeftDownVectorBar
âŒŠ,LeftFloor
â†½,leftharpoondown
â†¼,leftharpoonup
â‡‡,leftleftarrows
â†”,LeftRightArrow
â‡”,Leftrightarrow
â†”,leftrightarrow
â‡†,leftrightarrows
â‡‹,leftrightharpoons
â†­,leftrightsquigarrow
â¥,LeftRightVector
âŠ£,LeftTee
â†¤,LeftTeeArrow
â¥š,LeftTeeVector
â‹‹,leftthreetimes
âŠ²,LeftTriangle
â§,LeftTriangleBar
âŠ´,LeftTriangleEqual
â¥‘,LeftUpDownVector
â¥ ,LeftUpTeeVector
â†¿,LeftUpVector
â¥˜,LeftUpVectorBar
â†¼,LeftVector
â¥’,LeftVectorBar
âª‹,lEg
â‹š,leg
â‰¤,leq
â‰¦,leqq
â©½,leqslant
â©½,les
âª¨,lescc
â©¿,lesdot
âª,lesdoto
âªƒ,lesdotor
â‹šï¸€,lesg
âª“,lesges
âª…,lessapprox
â‹–,lessdot
â‹š,lesseqgtr
âª‹,lesseqqgtr
â‹š,LessEqualGreater
â‰¦,LessFullEqual
â‰¶,LessGreater
â‰¶,lessgtr
âª¡,LessLess
â‰²,lesssim
â©½,LessSlantEqual
â‰²,LessTilde
â¥¼,lfisht
âŒŠ,lfloor
ğ”,Lfr
ğ”©,lfr
â‰¶,lg
âª‘,lgE
â¥¢,lHar
â†½,lhard
â†¼,lharu
â¥ª,lharul
â–„,lhblk
Ğ‰,LJcy
Ñ™,ljcy
â‹˜,Ll
â‰ª,ll
â‡‡,llarr
âŒ,llcorner
â‡š,Lleftarrow
â¥«,llhard
â—º,lltri
Ä¿,Lmidot
Å€,lmidot
â°,lmoust
â°,lmoustache
âª‰,lnap
âª‰,lnapprox
â‰¨,lnE
âª‡,lne
âª‡,lneq
â‰¨,lneqq
â‹¦,lnsim
âŸ¬,loang
â‡½,loarr
âŸ¦,lobrk
âŸµ,LongLeftArrow
âŸ¸,Longleftarrow
âŸµ,longleftarrow
âŸ·,LongLeftRightArrow
âŸº,Longleftrightarrow
âŸ·,longleftrightarrow
âŸ¼,longmapsto
âŸ¶,LongRightArrow
âŸ¹,Longrightarrow
âŸ¶,longrightarrow
â†«,looparrowleft
â†¬,looparrowright
â¦…,lopar
ğ•ƒ,Lopf
ğ•,lopf
â¨­,loplus
â¨´,lotimes
âˆ—,lowast
_,lowbar
â†™,LowerLeftArrow
â†˜,LowerRightArrow
â—Š,loz
â—Š,lozenge
â§«,lozf
(,lpar
â¦“,lparlt
â‡†,lrarr
âŒŸ,lrcorner
â‡‹,lrhar
â¥­,lrhard
â€,lrm
âŠ¿,lrtri
â€¹,lsaquo
â„’,Lscr
ğ“,lscr
â†°,Lsh
â†°,lsh
â‰²,lsim
âª,lsime
âª,lsimg
[,lsqb
â€˜,lsquo
â€š,lsquor
Å,Lstrok
Å‚,lstrok
<,LT
â‰ª,Lt
<,lt
âª¦,ltcc
â©¹,ltcir
â‹–,ltdot
â‹‹,lthree
â‹‰,ltimes
â¥¶,ltlarr
â©»,ltquest
â—ƒ,ltri
âŠ´,ltrie
â—‚,ltrif
â¦–,ltrPar
â¥Š,lurdshar
â¥¦,luruhar
â‰¨ï¸€,lvertneqq
â‰¨ï¸€,lvnE
Â¯,macr
â™‚,male
âœ ,malt
âœ ,maltese
â¤…,Map
â†¦,map
â†¦,mapsto
â†§,mapstodown
â†¤,mapstoleft
â†¥,mapstoup
â–®,marker
â¨©,mcomma
Ğœ,Mcy
Ğ¼,mcy
â€”,mdash
âˆº,mDDot
âˆ¡,measuredangle
âŸ,MediumSpace
â„³,Mellintrf
ğ”,Mfr
ğ”ª,mfr
â„§,mho
Âµ,micro
âˆ£,mid
*,midast
â«°,midcir
Â·,middot
âˆ’,minus
âŠŸ,minusb
âˆ¸,minusd
â¨ª,minusdu
âˆ“,MinusPlus
â«›,mlcp
â€¦,mldr
âˆ“,mnplus
âŠ§,models
ğ•„,Mopf
ğ•,mopf
âˆ“,mp
â„³,Mscr
ğ“‚,mscr
âˆ¾,mstpos
Îœ,Mu
Î¼,mu
âŠ¸,multimap
âŠ¸,mumap
âˆ‡,nabla
Åƒ,Nacute
Å„,nacute
âˆ âƒ’,nang
â‰‰,nap
â©°Ì¸,napE
â‰‹Ì¸,napid
Å‰,napos
â‰‰,napprox
â™®,natur
â™®,natural
â„•,naturals
 ,nbsp
â‰Ì¸,nbump
â‰Ì¸,nbumpe
â©ƒ,ncap
Å‡,Ncaron
Åˆ,ncaron
Å…,Ncedil
Å†,ncedil
â‰‡,ncong
â©­Ì¸,ncongdot
â©‚,ncup
Ğ,Ncy
Ğ½,ncy
â€“,ndash
â‰ ,ne
â¤¤,nearhk
â‡—,neArr
â†—,nearr
â†—,nearrow
â‰Ì¸,nedot
â€‹,NegativeMediumSpace
â€‹,NegativeThickSpace
â€‹,NegativeThinSpace
â€‹,NegativeVeryThinSpace
â‰¢,nequiv
â¤¨,nesear
â‰‚Ì¸,nesim
â‰«,NestedGreaterGreater
â‰ª,NestedLessLess
âŠ,NewLine
âˆ„,nexist
âˆ„,nexists
ğ”‘,Nfr
ğ”«,nfr
â‰§Ì¸,ngE
â‰±,nge
â‰±,ngeq
â‰§Ì¸,ngeqq
â©¾Ì¸,ngeqslant
â©¾Ì¸,nges
â‹™Ì¸,nGg
â‰µ,ngsim
â‰«âƒ’,nGt
â‰¯,ngt
â‰¯,ngtr
â‰«Ì¸,nGtv
â‡,nhArr
â†®,nharr
â«²,nhpar
âˆ‹,ni
â‹¼,nis
â‹º,nisd
âˆ‹,niv
ĞŠ,NJcy
Ñš,njcy
â‡,nlArr
â†š,nlarr
â€¥,nldr
â‰¦Ì¸,nlE
â‰°,nle
â‡,nLeftarrow
â†š,nleftarrow
â‡,nLeftrightarrow
â†®,nleftrightarrow
â‰°,nleq
â‰¦Ì¸,nleqq
â©½Ì¸,nleqslant
â©½Ì¸,nles
â‰®,nless
â‹˜Ì¸,nLl
â‰´,nlsim
â‰ªâƒ’,nLt
â‰®,nlt
â‹ª,nltri
â‹¬,nltrie
â‰ªÌ¸,nLtv
âˆ¤,nmid
â ,NoBreak
 ,NonBreakingSpace
â„•,Nopf
ğ•Ÿ,nopf
â«¬,Not
Â¬,not
â‰¢,NotCongruent
â‰­,NotCupCap
âˆ¦,NotDoubleVerticalBar
âˆ‰,NotElement
â‰ ,NotEqual
â‰‚Ì¸,NotEqualTilde
âˆ„,NotExists
â‰¯,NotGreater
â‰±,NotGreaterEqual
â‰§Ì¸,NotGreaterFullEqual
â‰«Ì¸,NotGreaterGreater
â‰¹,NotGreaterLess
â©¾Ì¸,NotGreaterSlantEqual
â‰µ,NotGreaterTilde
â‰Ì¸,NotHumpDownHump
â‰Ì¸,NotHumpEqual
âˆ‰,notin
â‹µÌ¸,notindot
â‹¹Ì¸,notinE
âˆ‰,notinva
â‹·,notinvb
â‹¶,notinvc
â‹ª,NotLeftTriangle
â§Ì¸,NotLeftTriangleBar
â‹¬,NotLeftTriangleEqual
â‰®,NotLess
â‰°,NotLessEqual
â‰¸,NotLessGreater
â‰ªÌ¸,NotLessLess
â©½Ì¸,NotLessSlantEqual
â‰´,NotLessTilde
âª¢Ì¸,NotNestedGreaterGreater
âª¡Ì¸,NotNestedLessLess
âˆŒ,notni
âˆŒ,notniva
â‹¾,notnivb
â‹½,notnivc
âŠ€,NotPrecedes
âª¯Ì¸,NotPrecedesEqual
â‹ ,NotPrecedesSlantEqual
âˆŒ,NotReverseElement
â‹«,NotRightTriangle
â§Ì¸,NotRightTriangleBar
â‹­,NotRightTriangleEqual
âŠÌ¸,NotSquareSubset
â‹¢,NotSquareSubsetEqual
âŠÌ¸,NotSquareSuperset
â‹£,NotSquareSupersetEqual
âŠ‚âƒ’,NotSubset
âŠˆ,NotSubsetEqual
âŠ,NotSucceeds
âª°Ì¸,NotSucceedsEqual
â‹¡,NotSucceedsSlantEqual
â‰¿Ì¸,NotSucceedsTilde
âŠƒâƒ’,NotSuperset
âŠ‰,NotSupersetEqual
â‰,NotTilde
â‰„,NotTildeEqual
â‰‡,NotTildeFullEqual
â‰‰,NotTildeTilde
âˆ¤,NotVerticalBar
âˆ¦,npar
âˆ¦,nparallel
â«½âƒ¥,nparsl
âˆ‚Ì¸,npart
â¨”,npolint
âŠ€,npr
â‹ ,nprcue
âª¯Ì¸,npre
âŠ€,nprec
âª¯Ì¸,npreceq
â‡,nrArr
â†›,nrarr
â¤³Ì¸,nrarrc
â†Ì¸,nrarrw
â‡,nRightarrow
â†›,nrightarrow
â‹«,nrtri
â‹­,nrtrie
âŠ,nsc
â‹¡,nsccue
âª°Ì¸,nsce
ğ’©,Nscr
ğ“ƒ,nscr
âˆ¤,nshortmid
âˆ¦,nshortparallel
â‰,nsim
â‰„,nsime
â‰„,nsimeq
âˆ¤,nsmid
âˆ¦,nspar
â‹¢,nsqsube
â‹£,nsqsupe
âŠ„,nsub
â«…Ì¸,nsubE
âŠˆ,nsube
âŠ‚âƒ’,nsubset
âŠˆ,nsubseteq
â«…Ì¸,nsubseteqq
âŠ,nsucc
âª°Ì¸,nsucceq
âŠ…,nsup
â«†Ì¸,nsupE
âŠ‰,nsupe
âŠƒâƒ’,nsupset
âŠ‰,nsupseteq
â«†Ì¸,nsupseteqq
â‰¹,ntgl
Ã‘,Ntilde
Ã±,ntilde
â‰¸,ntlg
â‹ª,ntriangleleft
â‹¬,ntrianglelefteq
â‹«,ntriangleright
â‹­,ntrianglerighteq
Î,Nu
Î½,nu
#,num
â„–,numero
â€‡,numsp
â‰âƒ’,nvap
âŠ¯,nVDash
âŠ®,nVdash
âŠ­,nvDash
âŠ¬,nvdash
â‰¥âƒ’,nvge
>âƒ’,nvgt
â¤„,nvHarr
â§,nvinfin
â¤‚,nvlArr
â‰¤âƒ’,nvle
<âƒ’,nvlt
âŠ´âƒ’,nvltrie
â¤ƒ,nvrArr
âŠµâƒ’,nvrtrie
âˆ¼âƒ’,nvsim
â¤£,nwarhk
â‡–,nwArr
â†–,nwarr
â†–,nwarrow
â¤§,nwnear
Ã“,Oacute
Ã³,oacute
âŠ›,oast
âŠš,ocir
Ã”,Ocirc
Ã´,ocirc
Ğ,Ocy
Ğ¾,ocy
âŠ,odash
Å,Odblac
Å‘,odblac
â¨¸,odiv
âŠ™,odot
â¦¼,odsold
Å’,OElig
Å“,oelig
â¦¿,ofcir
ğ”’,Ofr
ğ”¬,ofr
Ë›,ogon
Ã’,Ograve
Ã²,ograve
â§,ogt
â¦µ,ohbar
Î©,ohm
âˆ®,oint
â†º,olarr
â¦¾,olcir
â¦»,olcross
â€¾,oline
â§€,olt
ÅŒ,Omacr
Å,omacr
Î©,Omega
Ï‰,omega
ÎŸ,Omicron
Î¿,omicron
â¦¶,omid
âŠ–,ominus
ğ•†,Oopf
ğ• ,oopf
â¦·,opar
â€œ,OpenCurlyDoubleQuote
â€˜,OpenCurlyQuote
â¦¹,operp
âŠ•,oplus
â©”,Or
âˆ¨,or
â†»,orarr
â©,ord
â„´,order
â„´,orderof
Âª,ordf
Âº,ordm
âŠ¶,origof
â©–,oror
â©—,orslope
â©›,orv
â“ˆ,oS
ğ’ª,Oscr
â„´,oscr
Ã˜,Oslash
Ã¸,oslash
âŠ˜,osol
Ã•,Otilde
Ãµ,otilde
â¨·,Otimes
âŠ—,otimes
â¨¶,otimesas
Ã–,Ouml
Ã¶,ouml
âŒ½,ovbar
â€¾,OverBar
â,OverBrace
â´,OverBracket
âœ,OverParenthesis
âˆ¥,par
Â¶,para
âˆ¥,parallel
â«³,parsim
â«½,parsl
âˆ‚,part
âˆ‚,PartialD
ĞŸ,Pcy
Ğ¿,pcy
%,percnt
.,period
â€°,permil
âŠ¥,perp
â€±,pertenk
ğ”“,Pfr
ğ”­,pfr
Î¦,Phi
Ï†,phi
Ï•,phiv
â„³,phmmat
â˜,phone
Î ,Pi
Ï€,pi
â‹”,pitchfork
Ï–,piv
â„,planck
â„,planckh
â„,plankv
+,plus
â¨£,plusacir
âŠ,plusb
â¨¢,pluscir
âˆ”,plusdo
â¨¥,plusdu
â©²,pluse
Â±,PlusMinus
Â±,plusmn
â¨¦,plussim
â¨§,plustwo
Â±,pm
â„Œ,Poincareplane
â¨•,pointint
â„™,Popf
ğ•¡,popf
Â£,pound
âª»,Pr
â‰º,pr
âª·,prap
â‰¼,prcue
âª³,prE
âª¯,pre
â‰º,prec
âª·,precapprox
â‰¼,preccurlyeq
â‰º,Precedes
âª¯,PrecedesEqual
â‰¼,PrecedesSlantEqual
â‰¾,PrecedesTilde
âª¯,preceq
âª¹,precnapprox
âªµ,precneqq
â‹¨,precnsim
â‰¾,precsim
â€³,Prime
â€²,prime
â„™,primes
âª¹,prnap
âªµ,prnE
â‹¨,prnsim
âˆ,prod
âˆ,Product
âŒ®,profalar
âŒ’,profline
âŒ“,profsurf
âˆ,prop
âˆ·,Proportion
âˆ,Proportional
âˆ,propto
â‰¾,prsim
âŠ°,prurel
ğ’«,Pscr
ğ“…,pscr
Î¨,Psi
Ïˆ,psi
â€ˆ,puncsp
ğ””,Qfr
ğ”®,qfr
â¨Œ,qint
â„š,Qopf
ğ•¢,qopf
â—,qprime
ğ’¬,Qscr
ğ“†,qscr
â„,quaternions
â¨–,quatint
?,quest
â‰Ÿ,questeq
,QUOT
,quot
â‡›,rAarr
âˆ½Ì±,race
Å”,Racute
Å•,racute
âˆš,radic
â¦³,raemptyv
âŸ«,Rang
âŸ©,rang
â¦’,rangd
â¦¥,range
âŸ©,rangle
Â»,raquo
â† ,Rarr
â‡’,rArr
â†’,rarr
â¥µ,rarrap
â‡¥,rarrb
â¤ ,rarrbfs
â¤³,rarrc
â¤,rarrfs
â†ª,rarrhk
â†¬,rarrlp
â¥…,rarrpl
â¥´,rarrsim
â¤–,Rarrtl
â†£,rarrtl
â†,rarrw
â¤œ,rAtail
â¤š,ratail
âˆ¶,ratio
â„š,rationals
â¤,RBarr
â¤,rBarr
â¤,rbarr
â³,rbbrk
},rbrace
],rbrack
â¦Œ,rbrke
â¦,rbrksld
â¦,rbrkslu
Å˜,Rcaron
Å™,rcaron
Å–,Rcedil
Å—,rcedil
âŒ‰,rceil
},rcub
Ğ ,Rcy
Ñ€,rcy
â¤·,rdca
â¥©,rdldhar
â€,rdquo
â€,rdquor
â†³,rdsh
â„œ,Re
â„œ,real
â„›,realine
â„œ,realpart
â„,reals
â–­,rect
Â®,REG
Â®,reg
âˆ‹,ReverseElement
â‡‹,ReverseEquilibrium
â¥¯,ReverseUpEquilibrium
â¥½,rfisht
âŒ‹,rfloor
â„œ,Rfr
ğ”¯,rfr
â¥¤,rHar
â‡,rhard
â‡€,rharu
â¥¬,rharul
Î¡,Rho
Ï,rho
Ï±,rhov
âŸ©,RightAngleBracket
â†’,RightArrow
â‡’,Rightarrow
â†’,rightarrow
â‡¥,RightArrowBar
â‡„,RightArrowLeftArrow
â†£,rightarrowtail
âŒ‰,RightCeiling
âŸ§,RightDoubleBracket
â¥,RightDownTeeVector
â‡‚,RightDownVector
â¥•,RightDownVectorBar
âŒ‹,RightFloor
â‡,rightharpoondown
â‡€,rightharpoonup
â‡„,rightleftarrows
â‡Œ,rightleftharpoons
â‡‰,rightrightarrows
â†,rightsquigarrow
âŠ¢,RightTee
â†¦,RightTeeArrow
â¥›,RightTeeVector
â‹Œ,rightthreetimes
âŠ³,RightTriangle
â§,RightTriangleBar
âŠµ,RightTriangleEqual
â¥,RightUpDownVector
â¥œ,RightUpTeeVector
â†¾,RightUpVector
â¥”,RightUpVectorBar
â‡€,RightVector
â¥“,RightVectorBar
Ëš,ring
â‰“,risingdotseq
â‡„,rlarr
â‡Œ,rlhar
â€,rlm
â±,rmoust
â±,rmoustache
â«®,rnmid
âŸ­,roang
â‡¾,roarr
âŸ§,robrk
â¦†,ropar
â„,Ropf
ğ•£,ropf
â¨®,roplus
â¨µ,rotimes
â¥°,RoundImplies
),rpar
â¦”,rpargt
â¨’,rppolint
â‡‰,rrarr
â‡›,Rrightarrow
â€º,rsaquo
â„›,Rscr
ğ“‡,rscr
â†±,Rsh
â†±,rsh
],rsqb
â€™,rsquo
â€™,rsquor
â‹Œ,rthree
â‹Š,rtimes
â–¹,rtri
âŠµ,rtrie
â–¸,rtrif
â§,rtriltri
â§´,RuleDelayed
â¥¨,ruluhar
â„,rx
Åš,Sacute
Å›,sacute
â€š,sbquo
âª¼,Sc
â‰»,sc
âª¸,scap
Å ,Scaron
Å¡,scaron
â‰½,sccue
âª´,scE
âª°,sce
Å,Scedil
ÅŸ,scedil
Åœ,Scirc
Å,scirc
âªº,scnap
âª¶,scnE
â‹©,scnsim
â¨“,scpolint
â‰¿,scsim
Ğ¡,Scy
Ñ,scy
â‹…,sdot
âŠ¡,sdotb
â©¦,sdote
â¤¥,searhk
â‡˜,seArr
â†˜,searr
â†˜,searrow
Â§,sect
;,semi
â¤©,seswar
âˆ–,setminus
âˆ–,setmn
âœ¶,sext
ğ”–,Sfr
ğ”°,sfr
âŒ¢,sfrown
â™¯,sharp
Ğ©,SHCHcy
Ñ‰,shchcy
Ğ¨,SHcy
Ñˆ,shcy
â†“,ShortDownArrow
â†,ShortLeftArrow
âˆ£,shortmid
âˆ¥,shortparallel
â†’,ShortRightArrow
â†‘,ShortUpArrow
Â­,shy
Î£,Sigma
Ïƒ,sigma
Ï‚,sigmaf
Ï‚,sigmav
âˆ¼,sim
â©ª,simdot
â‰ƒ,sime
â‰ƒ,simeq
âª,simg
âª ,simgE
âª,siml
âªŸ,simlE
â‰†,simne
â¨¤,simplus
â¥²,simrarr
â†,slarr
âˆ˜,SmallCircle
âˆ–,smallsetminus
â¨³,smashp
â§¤,smeparsl
âˆ£,smid
âŒ£,smile
âªª,smt
âª¬,smte
âª¬ï¸€,smtes
Ğ¬,SOFTcy
ÑŒ,softcy
/,sol
â§„,solb
âŒ¿,solbar
ğ•Š,Sopf
ğ•¤,sopf
â™ ,spades
â™ ,spadesuit
âˆ¥,spar
âŠ“,sqcap
âŠ“ï¸€,sqcaps
âŠ”,sqcup
âŠ”ï¸€,sqcups
âˆš,Sqrt
âŠ,sqsub
âŠ‘,sqsube
âŠ,sqsubset
âŠ‘,sqsubseteq
âŠ,sqsup
âŠ’,sqsupe
âŠ,sqsupset
âŠ’,sqsupseteq
â–¡,squ
â–¡,Square
â–¡,square
âŠ“,SquareIntersection
âŠ,SquareSubset
âŠ‘,SquareSubsetEqual
âŠ,SquareSuperset
âŠ’,SquareSupersetEqual
âŠ”,SquareUnion
â–ª,squarf
â–ª,squf
â†’,srarr
ğ’®,Sscr
ğ“ˆ,sscr
âˆ–,ssetmn
âŒ£,ssmile
â‹†,sstarf
â‹†,Star
â˜†,star
â˜…,starf
Ïµ,straightepsilon
Ï•,straightphi
Â¯,strns
â‹,Sub
âŠ‚,sub
âª½,subdot
â«…,subE
âŠ†,sube
â«ƒ,subedot
â«,submult
â«‹,subnE
âŠŠ,subne
âª¿,subplus
â¥¹,subrarr
â‹,Subset
âŠ‚,subset
âŠ†,subseteq
â«…,subseteqq
âŠ†,SubsetEqual
âŠŠ,subsetneq
â«‹,subsetneqq
â«‡,subsim
â«•,subsub
â«“,subsup
â‰»,succ
âª¸,succapprox
â‰½,succcurlyeq
â‰»,Succeeds
âª°,SucceedsEqual
â‰½,SucceedsSlantEqual
â‰¿,SucceedsTilde
âª°,succeq
âªº,succnapprox
âª¶,succneqq
â‹©,succnsim
â‰¿,succsim
âˆ‹,SuchThat
âˆ‘,Sum
âˆ‘,sum
â™ª,sung
â‹‘,Sup
âŠƒ,sup
Â¹,sup1
Â²,sup2
Â³,sup3
âª¾,supdot
â«˜,supdsub
â«†,supE
âŠ‡,supe
â«„,supedot
âŠƒ,Superset
âŠ‡,SupersetEqual
âŸ‰,suphsol
â«—,suphsub
â¥»,suplarr
â«‚,supmult
â«Œ,supnE
âŠ‹,supne
â«€,supplus
â‹‘,Supset
âŠƒ,supset
âŠ‡,supseteq
â«†,supseteqq
âŠ‹,supsetneq
â«Œ,supsetneqq
â«ˆ,supsim
â«”,supsub
â«–,supsup
â¤¦,swarhk
â‡™,swArr
â†™,swarr
â†™,swarrow
â¤ª,swnwar
ÃŸ,szlig
â‰,Tab
âŒ–,target
Î¤,Tau
Ï„,tau
â´,tbrk
Å¤,Tcaron
Å¥,tcaron
Å¢,Tcedil
Å£,tcedil
Ğ¢,Tcy
Ñ‚,tcy
â—Œâƒ›,tdot
âŒ•,telrec
ğ”—,Tfr
ğ”±,tfr
âˆ´,there4
âˆ´,Therefore
âˆ´,therefore
Î˜,Theta
Î¸,theta
Ï‘,thetasym
Ï‘,thetav
â‰ˆ,thickapprox
âˆ¼,thicksim
âŸâ€Š,ThickSpace
â€‰,thinsp
â€‰,ThinSpace
â‰ˆ,thkap
âˆ¼,thksim
Ã,THORN
Ã¾,thorn
âˆ¼,Tilde
Ëœ,tilde
â‰ƒ,TildeEqual
â‰…,TildeFullEqual
â‰ˆ,TildeTilde
Ã—,times
âŠ ,timesb
â¨±,timesbar
â¨°,timesd
âˆ­,tint
â¤¨,toea
âŠ¤,top
âŒ¶,topbot
â«±,topcir
ğ•‹,Topf
ğ•¥,topf
â«š,topfork
â¤©,tosa
â€´,tprime
â„¢,TRADE
â„¢,trade
â–µ,triangle
â–¿,triangledown
â—ƒ,triangleleft
âŠ´,trianglelefteq
â‰œ,triangleq
â–¹,triangleright
âŠµ,trianglerighteq
â—¬,tridot
â‰œ,trie
â¨º,triminus
â—Œâƒ›,TripleDot
â¨¹,triplus
â§,trisb
â¨»,tritime
â¢,trpezium
ğ’¯,Tscr
ğ“‰,tscr
Ğ¦,TScy
Ñ†,tscy
Ğ‹,TSHcy
Ñ›,tshcy
Å¦,Tstrok
Å§,tstrok
â‰¬,twixt
â†,twoheadleftarrow
â† ,twoheadrightarrow
Ãš,Uacute
Ãº,uacute
â†Ÿ,Uarr
â‡‘,uArr
â†‘,uarr
â¥‰,Uarrocir
Ğ,Ubrcy
Ñ,ubrcy
Å¬,Ubreve
Å­,ubreve
Ã›,Ucirc
Ã»,ucirc
Ğ£,Ucy
Ñƒ,ucy
â‡…,udarr
Å°,Udblac
Å±,udblac
â¥®,udhar
â¥¾,ufisht
ğ”˜,Ufr
ğ”²,ufr
Ã™,Ugrave
Ã¹,ugrave
â¥£,uHar
â†¿,uharl
â†¾,uharr
â–€,uhblk
âŒœ,ulcorn
âŒœ,ulcorner
âŒ,ulcrop
â—¸,ultri
Åª,Umacr
Å«,umacr
Â¨,uml
_,UnderBar
âŸ,UnderBrace
âµ,UnderBracket
â,UnderParenthesis
â‹ƒ,Union
âŠ,UnionPlus
Å²,Uogon
Å³,uogon
ğ•Œ,Uopf
ğ•¦,uopf
â†‘,UpArrow
â‡‘,Uparrow
â†‘,uparrow
â¤’,UpArrowBar
â‡…,UpArrowDownArrow
â†•,UpDownArrow
â‡•,Updownarrow
â†•,updownarrow
â¥®,UpEquilibrium
â†¿,upharpoonleft
â†¾,upharpoonright
âŠ,uplus
â†–,UpperLeftArrow
â†—,UpperRightArrow
Ï’,Upsi
Ï…,upsi
Ï’,upsih
Î¥,Upsilon
Ï…,upsilon
âŠ¥,UpTee
â†¥,UpTeeArrow
â‡ˆ,upuparrows
âŒ,urcorn
âŒ,urcorner
âŒ,urcrop
Å®,Uring
Å¯,uring
â—¹,urtri
ğ’°,Uscr
ğ“Š,uscr
â‹°,utdot
Å¨,Utilde
Å©,utilde
â–µ,utri
â–´,utrif
â‡ˆ,uuarr
Ãœ,Uuml
Ã¼,uuml
â¦§,uwangle
â¦œ,vangrt
Ïµ,varepsilon
Ï°,varkappa
âˆ…,varnothing
Ï•,varphi
Ï–,varpi
âˆ,varpropto
â‡•,vArr
â†•,varr
Ï±,varrho
Ï‚,varsigma
âŠŠï¸€,varsubsetneq
â«‹ï¸€,varsubsetneqq
âŠ‹ï¸€,varsupsetneq
â«Œï¸€,varsupsetneqq
Ï‘,vartheta
âŠ²,vartriangleleft
âŠ³,vartriangleright
â««,Vbar
â«¨,vBar
â«©,vBarv
Ğ’,Vcy
Ğ²,vcy
âŠ«,VDash
âŠ©,Vdash
âŠ¨,vDash
âŠ¢,vdash
â«¦,Vdashl
â‹,Vee
âˆ¨,vee
âŠ»,veebar
â‰š,veeeq
â‹®,vellip
â€–,Verbar
|,verbar
â€–,Vert
|,vert
âˆ£,VerticalBar
|,VerticalLine
â˜,VerticalSeparator
â‰€,VerticalTilde
â€Š,VeryThinSpace
ğ”™,Vfr
ğ”³,vfr
âŠ²,vltri
âŠ‚âƒ’,vnsub
âŠƒâƒ’,vnsup
ğ•,Vopf
ğ•§,vopf
âˆ,vprop
âŠ³,vrtri
ğ’±,Vscr
ğ“‹,vscr
â«‹ï¸€,vsubnE
âŠŠï¸€,vsubne
â«Œï¸€,vsupnE
âŠ‹ï¸€,vsupne
âŠª,Vvdash
â¦š,vzigzag
Å´,Wcirc
Åµ,wcirc
â©Ÿ,wedbar
â‹€,Wedge
âˆ§,wedge
â‰™,wedgeq
â„˜,weierp
ğ”š,Wfr
ğ”´,wfr
ğ•,Wopf
ğ•¨,wopf
â„˜,wp
â‰€,wr
â‰€,wreath
ğ’²,Wscr
ğ“Œ,wscr
â‹‚,xcap
â—¯,xcirc
â‹ƒ,xcup
â–½,xdtri
ğ”›,Xfr
ğ”µ,xfr
âŸº,xhArr
âŸ·,xharr
Î,Xi
Î¾,xi
âŸ¸,xlArr
âŸµ,xlarr
âŸ¼,xmap
â‹»,xnis
â¨€,xodot
ğ•,Xopf
ğ•©,xopf
â¨,xoplus
â¨‚,xotime
âŸ¹,xrArr
âŸ¶,xrarr
ğ’³,Xscr
ğ“,xscr
â¨†,xsqcup
â¨„,xuplus
â–³,xutri
â‹,xvee
â‹€,xwedge
Ã,Yacute
Ã½,yacute
Ğ¯,YAcy
Ñ,yacy
Å¶,Ycirc
Å·,ycirc
Ğ«,Ycy
Ñ‹,ycy
Â¥,yen
ğ”œ,Yfr
ğ”¶,yfr
Ğ‡,YIcy
Ñ—,yicy
ğ•,Yopf
ğ•ª,yopf
ğ’´,Yscr
ğ“,yscr
Ğ®,YUcy
Ñ,yucy
Å¸,Yuml
Ã¿,yuml
Å¹,Zacute
Åº,zacute
Å½,Zcaron
Å¾,zcaron
Ğ—,Zcy
Ğ·,zcy
Å»,Zdot
Å¼,zdot
â„¨,zeetrf
â€‹,ZeroWidthSpace
Î–,Zeta
Î¶,zeta
â„¨,Zfr
ğ”·,zfr
Ğ–,ZHcy
Ğ¶,zhcy
â‡,zigrarr
â„¤,Zopf
ğ•«,zopf
ğ’µ,Zscr
ğ“,zscr
â€,zwj
â€Œ,zwnj
